"Timestamp"	"DateTimeStamp"	"DateTimeStampStartOffset"	"Number"	"GazePointXLeft"	"GazePointYLeft"	"CamXLeft"	"CamYLeft"	"DistanceLeft"	"PupilLeft"	"ValidityLeft"	"GazePointXRight"	"GazePointYRight"	"CamXRight"	"CamYRight"	"DistanceRight"	"PupilRight"	"ValidityRight"	"FixationIndex"	"GazePointX"	"GazePointY"	"Event"	"EventKey"	"Data1"	"Data2"	"Descriptor"	"StimuliName"	"StimuliID"	"MediaWidth"	"MediaHeight"	"MediaPosX"	"MediaPosY"	"MappedFixationPointX"	"MappedFixationPointY"	"FixationDuration"	"AoiIds"	"AoiNames"	"WebGroupImage"	"MappedGazeDataPointX"	"MappedGazeDataPointY"	"MicroSecondTimestamp"	"AbsoluteMicroSecondTimestamp"
1039	"15:37:58.164"	"00:00:01.038"	51	416,91	524,65	0,73	0,47	634,02	3,87	0	391,44	580,91	0,46	0,47	635,87	3,57	0	2	404	553						"Augenblicke.jpg"	0	1200	1024	40	0	365	546	857	0	"Content"		364	553	1038615	325839042
1058	"15:37:58.183"	"00:00:01.058"	52	411,37	523,9	0,73	0,47	633,03	3,85	0	393,45	577,33	0,47	0,47	634,73	3,55	0	2	402	551						"Augenblicke.jpg"	0	1200	1024	40	0	365	546	857	0	"Content"		362	551	1058458	325858885
1078	"15:37:58.203"	"00:00:01.078"	53	409,93	542,2	0,73	0,47	633,03	3,8	0	411,83	574,46	0,47	0,47	634,73	3,53	0	2	411	558						"Augenblicke.jpg"	0	1200	1024	40	0	365	546	857	0	"Content"		371	558	1078451	325878878
1098	"15:37:58.223"	"00:00:01.098"	54	416,32	525,98	0,73	0,47	633,03	3,76	0	399,96	551,64	0,47	0,47	634,73	3,5	0	2	408	539						"Augenblicke.jpg"	0	1200	1024	40	0	365	546	857	0	"Content"		368	539	1098333	325898760
1118	"15:37:58.243"	"00:00:01.118"	55	415,63	522,97	0,73	0,47	633,03	3,78	0	405	541,31	0,47	0,47	634,73	3,48	0	2	410	532						"Augenblicke.jpg"	0	1200	1024	40	0	365	546	857	0	"Content"		370	532	1118357	325918784
1138	"15:37:58.263"	"00:00:01.138"	56	415,33	551,31	0,73	0,47	633,03	3,73	0	396,76	554,52	0,47	0,47	634,73	3,49	0	2	406	553						"Augenblicke.jpg"	0	1200	1024	40	0	365	546	857	0	"Content"		366	553	1138195	325938622
1158	"15:37:58.283"	"00:00:01.158"	57	413,05	540,14	0,73	0,47	634,63	3,73	0	397,79	552,69	0,47	0,47	634,47	3,48	0	2	405	546						"Augenblicke.jpg"	0	1200	1024	40	0	365	546	857	0	"Content"		365	546	1158190	325958617
1178	"15:37:58.303"	"00:00:01.178"	58	413,62	546,1	0,73	0,47	634,63	3,7	0	393,5	553,65	0,47	0,47	634,47	3,45	0	2	404	550						"Augenblicke.jpg"	0	1200	1024	40	0	365	546	857	0	"Content"		364	550	1178104	325978531
1198	"15:37:58.323"	"00:00:01.197"	59	395,72	526,87	0,73	0,47	634,63	3,64	0	389,72	540,22	0,47	0,47	634,47	3,38	0	2	393	534						"Augenblicke.jpg"	0	1200	1024	40	0	365	546	857	0	"Content"		353	534	1197940	325998367
1218	"15:37:58.343"	"00:00:01.217"	60	410,59	511,01	0,73	0,47	634,63	3,7	0	389,54	553,81	0,47	0,47	634,47	3,37	0	2	400	532						"Augenblicke.jpg"	0	1200	1024	40	0	365	546	857	0	"Content"		360	532	1217966	326018393
1238	"15:37:58.363"	"00:00:01.237"	61	399,68	523,22	0,73	0,47	634,63	3,64	0	400,11	564,91	0,47	0,47	634,47	3,39	0	2	400	544						"Augenblicke.jpg"	0	1200	1024	40	0	365	546	857	0	"Content"		360	544	1237825	326038252
1258	"15:37:58.383"	"00:00:01.257"	62	408,08	524,28	0,73	0,47	630,87	3,63	0	397,73	562,74	0,47	0,47	634,16	3,38	0	2	403	544						"Augenblicke.jpg"	0	1200	1024	40	0	365	546	857	0	"Content"		363	544	1257813	326058240
1278	"15:37:58.403"	"00:00:01.277"	63	413,36	525,12	0,73	0,47	630,87	3,6	0	395,55	556,85	0,47	0,47	634,16	3,32	0	2	404	541						"Augenblicke.jpg"	0	1200	1024	40	0	365	546	857	0	"Content"		364	541	1277800	326078227
1318	"15:37:58.443"	"00:00:01.317"	64	399,8	525,26	0,73	0,47	630,87	3,56	0	387,44	554,06	0,47	0,47	634,16	3,29	0	2	394	540						"Augenblicke.jpg"	0	1200	1024	40	0	365	546	857	0	"Content"		354	540	1317719	326118146
1338	"15:37:58.463"	"00:00:01.337"	65	404,42	522,98	0,73	0,47	630,87	3,55	0	376,55	544,92	0,47	0,47	634,16	3,32	0	2	390	534						"Augenblicke.jpg"	0	1200	1024	40	0	365	546	857	0	"Content"		350	534	1337544	326137971
1358	"15:37:58.483"	"00:00:01.357"	66	408,67	509,23	0,73	0,47	630,87	3,52	0	384,77	531,57	0,47	0,47	634,16	3,34	0	2	397	520						"Augenblicke.jpg"	0	1200	1024	40	0	365	546	857	0	"Content"		357	520	1357545	326157972
1377	"15:37:58.502"	"00:00:01.377"	67	405,34	510,54	0,73	0,47	629,33	3,5	0	382,29	526,87	0,47	0,47	633,74	3,33	0	2	394	519						"Augenblicke.jpg"	0	1200	1024	40	0	365	546	857	0	"Content"		354	519	1377447	326177874
1397	"15:37:58.522"	"00:00:01.397"	68	394,97	522,36	0,73	0,47	629,33	3,52	0	377,95	529,36	0,47	0,47	633,74	3,3	0	2	386	526						"Augenblicke.jpg"	0	1200	1024	40	0	365	546	857	0	"Content"		346	526	1397264	326197691
1417	"15:37:58.542"	"00:00:01.417"	69	397,69	524,29	0,73	0,47	629,33	3,53	0	380,51	541,96	0,47	0,47	633,74	3,27	0	2	389	533						"Augenblicke.jpg"	0	1200	1024	40	0	365	546	857	0	"Content"		349	533	1417290	326217717
1437	"15:37:58.562"	"00:00:01.437"	70	396,26	501,31	0,73	0,47	629,33	3,52	0	390,59	525,55	0,47	0,47	633,74	3,27	0	2	393	513						"Augenblicke.jpg"	0	1200	1024	40	0	365	546	857	0	"Content"		353	513	1437132	326237559
1457	"15:37:58.582"	"00:00:01.457"	71	388,5	528,94	0,73	0,47	629,33	3,52	0	376,56	555,38	0,47	0,47	633,74	3,27	0	2	383	542						"Augenblicke.jpg"	0	1200	1024	40	0	365	546	857	0	"Content"		343	542	1457146	326257573
1477	"15:37:58.602"	"00:00:01.477"	72	388,69	523,43	0,73	0,47	628,78	3,52	0	380,54	554,08	0,47	0,47	633,9	3,27	0	2	385	539						"Augenblicke.jpg"	0	1200	1024	40	0	365	546	857	0	"Content"		345	539	1477063	326277490
1497	"15:37:58.622"	"00:00:01.496"	73	407,93	516,44	0,73	0,47	628,78	3,5	0	382,4	539,28	0,47	0,47	633,9	3,28	0	2	395	528						"Augenblicke.jpg"	0	1200	1024	40	0	365	546	857	0	"Content"		355	528	1496992	326297419
1597	"15:37:58.722"	"00:00:01.596"	78	448,51	542,68	0,73	0,47	629,61	3,43	0	423,68	540,66	0,47	0,47	633,58	3,24	0	2	436	542						"Augenblicke.jpg"	0	1200	1024	40	0	365	546	857	0	"Content"		396	542	1596638	326397065
1617	"15:37:58.742"	"00:00:01.616"	79	448,14	539,38	0,73	0,47	629,61	3,49	0	422,65	558,79	0,47	0,47	633,58	3,22	0	2	435	549						"Augenblicke.jpg"	0	1200	1024	40	0	365	546	857	0	"Content"		395	549	1616671	326417098
1636	"15:37:58.761"	"00:00:01.636"	80	430,71	522,24	0,73	0,47	629,61	3,5	0	433,91	553,38	0,47	0,47	633,58	3,23	0	3	432	538						"Augenblicke.jpg"	0	1200	1024	40	0	424	531	1216	0	"Content"		392	538	1636500	326436927
1656	"15:37:58.781"	"00:00:01.656"	81	429,55	519,43	0,73	0,47	629,61	3,48	0	428,98	544,82	0,47	0,47	633,58	3,28	0	3	429	532						"Augenblicke.jpg"	0	1200	1024	40	0	424	531	1216	0	"Content"		389	532	1656472	326456899
1676	"15:37:58.801"	"00:00:01.676"	82	428,14	520,63	0,73	0,47	627,58	3,47	0	434,15	560,98	0,47	0,47	629,39	3,25	0	3	431	541						"Augenblicke.jpg"	0	1200	1024	40	0	424	531	1216	0	"Content"		391	541	1676368	326476795
1696	"15:37:58.821"	"00:00:01.696"	83	447,01	527,69	0,73	0,46	627,58	3,51	0	424,04	573,58	0,47	0,47	629,39	3,24	0	3	436	551						"Augenblicke.jpg"	0	1200	1024	40	0	424	531	1216	0	"Content"		396	551	1696258	326496685
1816	"15:37:58.941"	"00:00:01.815"	89	465,2	541,56	0,74	0,46	627,58	3,53	0	467,42	546,32	0,48	0,46	629,39	3,23	0	3	466	544						"Augenblicke.jpg"	0	1200	1024	40	0	424	531	1216	0	"Content"		426	544	1815849	326616276
1836	"15:37:58.961"	"00:00:01.835"	90	465,31	538,88	0,75	0,46	628,98	3,54	0	462,62	528,3	0,48	0,46	638,35	3,28	0	3	464	534						"Augenblicke.jpg"	0	1200	1024	40	0	424	531	1216	0	"Content"		424	534	1835915	326636342
1856	"15:37:58.981"	"00:00:01.855"	91	475,27	526,76	0,75	0,46	628,98	3,55	0	458,48	503,25	0,48	0,46	638,35	3,34	0	3	467	515						"Augenblicke.jpg"	0	1200	1024	40	0	424	531	1216	0	"Content"		427	515	1855708	326656135
1876	"15:37:59.001"	"00:00:01.875"	92	461,02	515,29	0,75	0,46	628,98	3,54	0	458,78	525,37	0,49	0,46	638,35	3,32	0	3	460	520						"Augenblicke.jpg"	0	1200	1024	40	0	424	531	1216	0	"Content"		420	520	1875746	326676173
1896	"15:37:59.021"	"00:00:01.895"	93	476,29	527,12	0,75	0,47	628,98	3,56	0	471,77	522,29	0,49	0,46	638,35	3,33	0	3	474	525						"Augenblicke.jpg"	0	1200	1024	40	0	424	531	1216	0	"Content"		434	525	1895730	326696157
1916	"15:37:59.041"	"00:00:01.915"	94	473,76	521	0,75	0,47	628,98	3,58	0	467,5	537,57	0,49	0,46	638,35	3,32	0	3	471	529						"Augenblicke.jpg"	0	1200	1024	40	0	424	531	1216	0	"Content"		431	529	1915661	326716088
1935	"15:37:59.060"	"00:00:01.935"	95	470,85	520,74	0,75	0,47	627,4	3,58	0	470,84	562,55	0,49	0,46	627,22	3,26	0	3	471	542						"Augenblicke.jpg"	0	1200	1024	40	0	424	531	1216	0	"Content"		431	542	1935497	326735924
1955	"15:37:59.080"	"00:00:01.955"	96	462,57	530,39	0,76	0,47	627,4	3,57	0	468,8	527,92	0,49	0,46	627,22	3,27	0	3	466	529						"Augenblicke.jpg"	0	1200	1024	40	0	424	531	1216	0	"Content"		426	529	1955451	326755878
1975	"15:37:59.100"	"00:00:01.975"	97	480,8	517,5	0,76	0,47	627,4	3,6	0	467,32	545,5	0,49	0,46	627,22	3,33	0	3	474	531						"Augenblicke.jpg"	0	1200	1024	40	0	424	531	1216	0	"Content"		434	531	1975353	326775780
1995	"15:37:59.120"	"00:00:01.995"	98	468,37	543,39	0,76	0,47	627,4	3,6	0	463,18	523,07	0,49	0,46	627,22	3,3	0	3	466	533						"Augenblicke.jpg"	0	1200	1024	40	0	424	531	1216	0	"Content"		426	533	1995325	326795752
2015	"15:37:59.140"	"00:00:02.015"	99	437,07	525,04	0,76	0,47	627,4	3,65	0	430,38	573,32	0,49	0,46	627,22	3,32	0	3	434	549						"Augenblicke.jpg"	0	1200	1024	40	0	424	531	1216	0	"Content"		394	549	2015197	326815624
2035	"15:37:59.160"	"00:00:02.035"	100	439,85	525,28	0,76	0,47	627,08	3,66	0	423,52	572,19	0,49	0,46	628,78	3,31	0	3	432	549						"Augenblicke.jpg"	0	1200	1024	40	0	424	531	1216	0	"Content"		392	549	2035217	326835644
2055	"15:37:59.180"	"00:00:02.055"	101	447,77	528,64	0,76	0,47	627,08	3,57	0	439,24	530,73	0,49	0,46	628,78	3,36	0	3	444	530						"Augenblicke.jpg"	0	1200	1024	40	0	424	531	1216	0	"Content"		404	530	2055063	326855490
2075	"15:37:59.200"	"00:00:02.074"	102	457,77	542,33	0,76	0,47	627,08	3,56	0	453,17	558,52	0,49	0,46	628,78	3,34	0	3	455	550						"Augenblicke.jpg"	0	1200	1024	40	0	424	531	1216	0	"Content"		415	550	2074954	326875381
2095	"15:37:59.220"	"00:00:02.094"	103	444,64	548,82	0,76	0,47	627,08	3,6	0	442,19	541,4	0,49	0,46	628,78	3,34	0	3	443	545						"Augenblicke.jpg"	0	1200	1024	40	0	424	531	1216	0	"Content"		403	545	2094928	326895355
2115	"15:37:59.240"	"00:00:02.114"	104	438,82	522,07	0,76	0,47	627,08	3,59	0	446,21	538,34	0,49	0,47	628,78	3,38	0	3	443	530						"Augenblicke.jpg"	0	1200	1024	40	0	424	531	1216	0	"Content"		403	530	2114935	326915362
2135	"15:37:59.260"	"00:00:02.134"	105	442,64	529,4	0,76	0,47	627,37	3,59	0	451,04	547,07	0,49	0,47	629,36	3,38	0	3	447	538						"Augenblicke.jpg"	0	1200	1024	40	0	424	531	1216	0	"Content"		407	538	2134843	326935270
2155	"15:37:59.280"	"00:00:02.154"	106	447,33	533,78	0,76	0,47	627,37	3,62	0	446,12	531,97	0,49	0,47	629,36	3,33	0	3	447	533						"Augenblicke.jpg"	0	1200	1024	40	0	424	531	1216	0	"Content"		407	533	2154804	326955231
2175	"15:37:59.300"	"00:00:02.174"	107	439,55	531,98	0,75	0,47	627,37	3,61	0	441,96	549,95	0,49	0,47	629,36	3,37	0	3	441	541						"Augenblicke.jpg"	0	1200	1024	40	0	424	531	1216	0	"Content"		401	541	2174691	326975118
2195	"15:37:59.320"	"00:00:02.194"	108	443,66	521,81	0,75	0,47	627,37	3,61	0	444,54	541,9	0,49	0,47	629,36	3,34	0	3	444	532						"Augenblicke.jpg"	0	1200	1024	40	0	424	531	1216	0	"Content"		404	532	2194531	326994958
2215	"15:37:59.340"	"00:00:02.214"	109	458,88	531,73	0,76	0,47	627,37	3,63	0	461,45	536,5	0,49	0,47	629,36	3,36	0	3	460	534						"Augenblicke.jpg"	0	1200	1024	40	0	424	531	1216	0	"Content"		420	534	2214568	327014995
2235	"15:37:59.360"	"00:00:02.234"	110	454,85	522,79	0,76	0,47	630,18	3,64	0	460,78	542,55	0,49	0,47	630,18	3,35	0	3	458	533						"Augenblicke.jpg"	0	1200	1024	40	0	424	531	1216	0	"Content"		418	533	2234530	327034957
2254	"15:37:59.379"	"00:00:02.254"	111	474,13	523,97	0,76	0,47	630,18	3,6	0	479,38	552,27	0,49	0,47	630,18	3,33	0	3	477	538						"Augenblicke.jpg"	0	1200	1024	40	0	424	531	1216	0	"Content"		437	538	2254386	327054813
2274	"15:37:59.399"	"00:00:02.274"	112	469,25	531,49	0,76	0,47	630,18	3,63	0	479,06	530,66	0,49	0,46	630,18	3,32	0	3	474	531						"Augenblicke.jpg"	0	1200	1024	40	0	424	531	1216	0	"Content"		434	531	2274357	327074784
2294	"15:37:59.419"	"00:00:02.294"	113	473,62	515,96	0,76	0,47	630,18	3,64	0	460,92	542,49	0,49	0,46	630,18	3,32	0	3	467	529						"Augenblicke.jpg"	0	1200	1024	40	0	424	531	1216	0	"Content"		427	529	2294274	327094701
2314	"15:37:59.439"	"00:00:02.314"	114	474,28	504,58	0,76	0,47	630,18	3,58	0	469,64	531,08	0,49	0,46	630,18	3,34	0	3	472	518						"Augenblicke.jpg"	0	1200	1024	40	0	424	531	1216	0	"Content"		432	518	2314163	327114590
2334	"15:37:59.459"	"00:00:02.334"	115	475,78	501,71	0,76	0,47	630,82	3,6	0	464,32	536,84	0,5	0,46	629,42	3,33	0	3	470	519						"Augenblicke.jpg"	0	1200	1024	40	0	424	531	1216	0	"Content"		430	519	2334196	327134623
2354	"15:37:59.479"	"00:00:02.354"	116	474,92	531,75	0,76	0,47	630,82	3,54	0	473,16	532,32	0,5	0,46	629,42	3,3	0	3	474	532						"Augenblicke.jpg"	0	1200	1024	40	0	424	531	1216	0	"Content"		434	532	2354019	327154446
2374	"15:37:59.499"	"00:00:02.374"	117	474,04	534,29	0,76	0,47	630,82	3,54	0	469,6	541,31	0,5	0,46	629,42	3,32	0	3	472	538						"Augenblicke.jpg"	0	1200	1024	40	0	424	531	1216	0	"Content"		432	538	2374077	327174504
2394	"15:37:59.519"	"00:00:02.393"	118	482,22	509,46	0,76	0,47	630,82	3,5	0	478,67	532,02	0,5	0,46	629,42	3,3	0	3	480	521						"Augenblicke.jpg"	0	1200	1024	40	0	424	531	1216	0	"Content"		440	521	2393893	327194320
2414	"15:37:59.539"	"00:00:02.413"	119	467,83	500,92	0,76	0,47	630,82	3,54	0	461,97	538,66	0,5	0,46	629,42	3,3	0	3	465	520						"Augenblicke.jpg"	0	1200	1024	40	0	424	531	1216	0	"Content"		425	520	2413922	327214349
2434	"15:37:59.559"	"00:00:02.433"	120	467,12	495,51	0,76	0,47	629,14	3,52	0	462,44	535,39	0,5	0,46	629,21	3,3	0	3	465	515						"Augenblicke.jpg"	0	1200	1024	40	0	424	531	1216	0	"Content"		425	515	2433767	327234194
2454	"15:37:59.579"	"00:00:02.453"	121	445,55	520,58	0,76	0,47	629,14	3,52	0	450,54	545,69	0,5	0,46	629,21	3,31	0	3	448	533						"Augenblicke.jpg"	0	1200	1024	40	0	424	531	1216	0	"Content"		408	533	2453755	327254182
2474	"15:37:59.599"	"00:00:02.473"	122	454,19	499,77	0,76	0,47	629,14	3,5	0	457,85	523,52	0,5	0,46	629,21	3,32	0	3	456	512						"Augenblicke.jpg"	0	1200	1024	40	0	424	531	1216	0	"Content"		416	512	2473666	327274093
2494	"15:37:59.619"	"00:00:02.493"	123	455,73	531,75	0,76	0,47	629,14	3,5	0	449,33	536,37	0,49	0,47	629,21	3,29	0	3	453	534						"Augenblicke.jpg"	0	1200	1024	40	0	424	531	1216	0	"Content"		413	534	2493597	327294024
2514	"15:37:59.639"	"00:00:02.513"	124	458,91	510,67	0,76	0,47	629,14	3,51	0	457,02	527,77	0,49	0,47	629,21	3,23	0	3	458	519						"Augenblicke.jpg"	0	1200	1024	40	0	424	531	1216	0	"Content"		418	519	2513552	327313979
2533	"15:37:59.658"	"00:00:02.533"	125	463,19	508,49	0,75	0,47	628,52	3,5	0	454,7	534,35	0,49	0,47	629,07	3,21	0	3	459	521						"Augenblicke.jpg"	0	1200	1024	40	0	424	531	1216	0	"Content"		419	521	2533393	327333820
2553	"15:37:59.678"	"00:00:02.553"	126	456,15	530,17	0,75	0,47	628,52	3,52	0	451,03	543,95	0,49	0,47	629,07	3,24	0	3	454	537						"Augenblicke.jpg"	0	1200	1024	40	0	424	531	1216	0	"Content"		414	537	2553372	327353799
2573	"15:37:59.698"	"00:00:02.573"	127	452,5	517,3	0,75	0,47	628,52	3,47	0	450,97	537,47	0,49	0,47	629,07	3,29	0	3	452	527						"Augenblicke.jpg"	0	1200	1024	40	0	424	531	1216	0	"Content"		412	527	2573387	327373814
2593	"15:37:59.718"	"00:00:02.593"	128	454,91	529,98	0,75	0,47	628,52	3,48	0	453,91	544,1	0,49	0,47	629,07	3,23	0	3	454	537						"Augenblicke.jpg"	0	1200	1024	40	0	424	531	1216	0	"Content"		414	537	2593232	327393659
2613	"15:37:59.738"	"00:00:02.613"	129	455,4	530,64	0,75	0,47	628,52	3,46	0	453,09	517,31	0,49	0,47	629,07	3,23	0	3	454	524						"Augenblicke.jpg"	0	1200	1024	40	0	424	531	1216	0	"Content"		414	524	2613231	327413658
2633	"15:37:59.758"	"00:00:02.633"	130	454	524,27	0,75	0,47	630,18	3,46	0	452,67	512,13	0,49	0,47	629,61	3,24	0	3	453	518						"Augenblicke.jpg"	0	1200	1024	40	0	424	531	1216	0	"Content"		413	518	2633138	327433565
2653	"15:37:59.778"	"00:00:02.652"	131	469	523,56	0,75	0,47	630,18	3,45	0	463,15	538,41	0,49	0,47	629,61	3,22	0	3	466	531						"Augenblicke.jpg"	0	1200	1024	40	0	424	531	1216	0	"Content"		426	531	2652984	327453411
2673	"15:37:59.798"	"00:00:02.673"	132	479,74	504,44	0,75	0,47	630,18	3,49	0	478,49	532,06	0,48	0,47	629,61	3,26	0	3	479	518						"Augenblicke.jpg"	0	1200	1024	40	0	424	531	1216	0	"Content"		439	518	2673012	327473439
2693	"15:37:59.818"	"00:00:02.692"	133	482,7	521,52	0,75	0,47	630,18	3,48	0	487,42	529	0,48	0,47	629,61	3,22	0	3	485	525						"Augenblicke.jpg"	0	1200	1024	40	0	424	531	1216	0	"Content"		445	525	2692965	327493392
2713	"15:37:59.838"	"00:00:02.712"	134	487,12	528,36	0,74	0,47	630,18	3,45	0	478,27	541,06	0,48	0,47	629,61	3,23	0	3	483	535						"Augenblicke.jpg"	0	1200	1024	40	0	424	531	1216	0	"Content"		443	535	2712862	327513289
2733	"15:37:59.858"	"00:00:02.732"	135	489,74	527,33	0,74	0,47	627,98	3,45	0	482,58	539,35	0,48	0,47	628,37	3,24	0	3	486	533						"Augenblicke.jpg"	0	1200	1024	40	0	424	531	1216	0	"Content"		446	533	2732747	327533174
2753	"15:37:59.878"	"00:00:02.752"	136	469,17	495,48	0,74	0,47	627,98	3,47	0	483,47	536,95	0,48	0,47	628,37	3,21	0	3	476	516						"Augenblicke.jpg"	0	1200	1024	40	0	424	531	1216	0	"Content"		436	516	2752752	327553179
2773	"15:37:59.898"	"00:00:02.772"	137	491,84	516,61	0,74	0,47	627,98	3,5	0	480,32	536,31	0,48	0,47	628,37	3,25	0	3	486	526						"Augenblicke.jpg"	0	1200	1024	40	0	424	531	1216	0	"Content"		446	526	2772632	327573059
2793	"15:37:59.918"	"00:00:02.792"	138	497	493,73	0,74	0,47	627,98	3,48	0	487,13	532,54	0,48	0,47	628,37	3,22	0	3	492	513						"Augenblicke.jpg"	0	1200	1024	40	0	424	531	1216	0	"Content"		452	513	2792557	327592984
2812	"15:37:59.937"	"00:00:02.812"	139	494,63	519,9	0,74	0,47	627,98	3,43	0	486,28	534,21	0,48	0,47	628,37	3,21	0	3	490	527						"Augenblicke.jpg"	0	1200	1024	40	0	424	531	1216	0	"Content"		450	527	2812445	327612872
2832	"15:37:59.957"	"00:00:02.832"	140	493,24	513,94	0,74	0,47	627,49	3,44	0	486,41	534,72	0,48	0,47	627,35	3,22	0	3	490	524						"Augenblicke.jpg"	0	1200	1024	40	0	424	531	1216	0	"Content"		450	524	2832492	327632919
2852	"15:37:59.977"	"00:00:02.852"	141	490,74	517,55	0,74	0,46	627,49	3,48	0	498,97	546,94	0,47	0,46	627,35	3,2	0	4	495	532						"Augenblicke.jpg"	0	1200	1024	40	0	498	527	837	0	"Content"		455	532	2852324	327652751
2872	"15:37:59.997"	"00:00:02.872"	142	557,02	523,25	0,74	0,46	627,49	3,45	0	563,68	538,17	0,47	0,46	627,35	3,22	0	4	560	531						"Augenblicke.jpg"	0	1200	1024	40	0	498	527	837	0	"Content"		520	531	2872354	327672781
2892	"15:38:00.017"	"00:00:02.892"	143	544,24	542,24	0,74	0,46	627,49	3,46	0	550,57	520,54	0,47	0,46	627,35	3,22	0	4	547	531						"Augenblicke.jpg"	0	1200	1024	40	0	498	527	837	0	"Content"		507	531	2892185	327692612
2912	"15:38:00.037"	"00:00:02.912"	144	553,52	518,59	0,74	0,46	627,49	3,45	0	541,54	538,54	0,47	0,47	627,35	3,22	0	4	548	529						"Augenblicke.jpg"	0	1200	1024	40	0	498	527	837	0	"Content"		508	529	2912171	327712598
2932	"15:38:00.057"	"00:00:02.932"	145	547,01	526,33	0,74	0,47	627,77	3,46	0	532,96	531,97	0,47	0,47	627,99	3,23	0	4	540	529						"Augenblicke.jpg"	0	1200	1024	40	0	498	527	837	0	"Content"		500	529	2932098	327732525
2952	"15:38:00.077"	"00:00:02.952"	146	559,59	516,88	0,74	0,47	627,77	3,46	0	535,66	522,18	0,47	0,47	627,99	3,25	0	4	548	520						"Augenblicke.jpg"	0	1200	1024	40	0	498	527	837	0	"Content"		508	520	2952063	327752490
2972	"15:38:00.097"	"00:00:02.971"	147	555,41	514,55	0,74	0,47	627,77	3,43	0	547,24	533,9	0,47	0,47	627,99	3,22	0	4	551	524						"Augenblicke.jpg"	0	1200	1024	40	0	498	527	837	0	"Content"		511	524	2971964	327772391
2992	"15:38:00.117"	"00:00:02.991"	148	542,91	507,95	0,74	0,47	627,77	3,44	0	555,19	535,43	0,47	0,47	627,99	3,22	0	4	549	522						"Augenblicke.jpg"	0	1200	1024	40	0	498	527	837	0	"Content"		509	522	2991776	327792203
3012	"15:38:00.137"	"00:00:03.011"	149	546,33	519,99	0,74	0,47	627,77	3,45	0	539	545,45	0,47	0,47	627,99	3,2	0	4	543	533						"Augenblicke.jpg"	0	1200	1024	40	0	498	527	837	0	"Content"		503	533	3011798	327812225
3032	"15:38:00.157"	"00:00:03.031"	150	542,5	517,21	0,74	0,47	627,87	3,44	0	546,38	550,85	0,47	0,47	627,83	3,19	0	4	544	534						"Augenblicke.jpg"	0	1200	1024	40	0	498	527	837	0	"Content"		504	534	3031831	327832258
3052	"15:38:00.177"	"00:00:03.051"	151	510,04	500,7	0,74	0,47	627,87	3,48	0	500,76	533,38	0,48	0,47	627,83	3,2	0	4	505	517						"Augenblicke.jpg"	0	1200	1024	40	0	498	527	837	0	"Content"		465	517	3051640	327852067
3072	"15:38:00.197"	"00:00:03.071"	152	504,46	526,43	0,74	0,47	627,87	3,47	0	514,23	527,52	0,48	0,47	627,83	3,19	0	4	509	527						"Augenblicke.jpg"	0	1200	1024	40	0	498	527	837	0	"Content"		469	527	3071713	327872140
3092	"15:38:00.217"	"00:00:03.091"	153	511,71	523,52	0,74	0,47	627,87	3,45	0	509,22	532,83	0,48	0,47	627,83	3,23	0	4	510	528						"Augenblicke.jpg"	0	1200	1024	40	0	498	527	837	0	"Content"		470	528	3091543	327891970
3111	"15:38:00.236"	"00:00:03.111"	154	509,49	520,59	0,74	0,47	627,87	3,45	0	502,98	531,61	0,48	0,47	627,83	3,24	0	4	506	526						"Augenblicke.jpg"	0	1200	1024	40	0	498	527	837	0	"Content"		466	526	3111447	327911874
3131	"15:38:00.256"	"00:00:03.131"	155	506,64	517,96	0,74	0,47	627,79	3,44	0	509,61	530,75	0,48	0,47	627,39	3,25	0	4	508	524						"Augenblicke.jpg"	0	1200	1024	40	0	498	527	837	0	"Content"		468	524	3131407	327931834
3151	"15:38:00.276"	"00:00:03.151"	156	505,71	527,31	0,74	0,47	627,79	3,46	0	502,84	537,37	0,47	0,47	627,39	3,2	0	4	504	532						"Augenblicke.jpg"	0	1200	1024	40	0	498	527	837	0	"Content"		464	532	3151276	327951703
3171	"15:38:00.296"	"00:00:03.171"	157	517,65	526,12	0,74	0,47	627,79	3,45	0	504,87	528,44	0,47	0,47	627,39	3,16	0	4	511	527						"Augenblicke.jpg"	0	1200	1024	40	0	498	527	837	0	"Content"		471	527	3171302	327971729
3191	"15:38:00.316"	"00:00:03.191"	158	516,56	507,95	0,74	0,47	627,79	3,47	0	512,01	536,24	0,47	0,47	627,39	3,23	0	4	514	522						"Augenblicke.jpg"	0	1200	1024	40	0	498	527	837	0	"Content"		474	522	3191159	327991586
3211	"15:38:00.336"	"00:00:03.211"	159	513,4	502,5	0,74	0,47	627,79	3,47	0	511,39	522,9	0,47	0,47	627,39	3,21	0	4	512	513						"Augenblicke.jpg"	0	1200	1024	40	0	498	527	837	0	"Content"		472	513	3211172	328011599
3231	"15:38:00.356"	"00:00:03.231"	160	516,76	496,52	0,74	0,47	627,59	3,48	0	509,95	524,46	0,47	0,47	626,94	3,21	0	4	513	510						"Augenblicke.jpg"	0	1200	1024	40	0	498	527	837	0	"Content"		473	510	3231029	328031456
3251	"15:38:00.376"	"00:00:03.251"	161	501,75	535,31	0,74	0,47	627,59	3,46	0	506,4	532,5	0,47	0,47	626,94	3,16	0	4	504	534						"Augenblicke.jpg"	0	1200	1024	40	0	498	527	837	0	"Content"		464	534	3251015	328051442
3271	"15:38:00.396"	"00:00:03.270"	162	516,81	535,16	0,73	0,47	627,59	3,5	0	501,45	550,93	0,47	0,47	626,94	3,19	0	4	509	543						"Augenblicke.jpg"	0	1200	1024	40	0	498	527	837	0	"Content"		469	543	3270876	328071303
3291	"15:38:00.416"	"00:00:03.290"	163	509,79	509,55	0,73	0,47	627,59	3,47	0	506,51	550,27	0,47	0,47	626,94	3,22	0	4	508	530						"Augenblicke.jpg"	0	1200	1024	40	0	498	527	837	0	"Content"		468	530	3290900	328091327
3311	"15:38:00.436"	"00:00:03.310"	164	568,08	513,8	0,73	0,47	627,59	3,48	0	555,04	528,64	0,47	0,47	626,94	3,22	0	4	562	521						"Augenblicke.jpg"	0	1200	1024	40	0	498	527	837	0	"Content"		522	521	3310749	328111176
3331	"15:38:00.456"	"00:00:03.330"	165	577,46	516,56	0,73	0,47	628,57	3,48	0	559,08	535,42	0,47	0,47	627,85	3,22	0	4	568	526						"Augenblicke.jpg"	0	1200	1024	40	0	498	527	837	0	"Content"		528	526	3330770	328131197
3351	"15:38:00.476"	"00:00:03.350"	166	565,83	518,43	0,73	0,47	628,57	3,45	0	542,32	535,88	0,47	0,47	627,85	3,21	0	4	554	527						"Augenblicke.jpg"	0	1200	1024	40	0	498	527	837	0	"Content"		514	527	3350626	328151053
3371	"15:38:00.496"	"00:00:03.370"	167	553,77	503,99	0,73	0,47	628,57	3,45	0	548,31	531,13	0,47	0,47	627,85	3,19	0	4	551	518						"Augenblicke.jpg"	0	1200	1024	40	0	498	527	837	0	"Content"		511	518	3370610	328171037
3391	"15:38:00.516"	"00:00:03.390"	168	552,35	540,35	0,73	0,47	628,57	3,46	0	558,26	538,56	0,47	0,47	627,85	3,23	0	4	555	539						"Augenblicke.jpg"	0	1200	1024	40	0	498	527	837	0	"Content"		515	539	3390512	328190939
3410	"15:38:00.535"	"00:00:03.410"	169	553,77	525,72	0,73	0,47	628,57	3,42	0	550,52	530,68	0,47	0,47	627,85	3,23	0	4	552	528						"Augenblicke.jpg"	0	1200	1024	40	0	498	527	837	0	"Content"		512	528	3410483	328210910
3430	"15:38:00.555"	"00:00:03.430"	170	549,72	530,71	0,73	0,47	627	3,41	0	554,83	535,66	0,47	0,47	626,7	3,22	0	4	552	533						"Augenblicke.jpg"	0	1200	1024	40	0	498	527	837	0	"Content"		512	533	3430388	328230815
3450	"15:38:00.575"	"00:00:03.450"	171	554,75	534,33	0,73	0,47	627	3,48	0	555,27	519,86	0,47	0,47	626,7	3,21	0	4	555	527						"Augenblicke.jpg"	0	1200	1024	40	0	498	527	837	0	"Content"		515	527	3450195	328250622
3470	"15:38:00.595"	"00:00:03.470"	172	556,63	529,1	0,73	0,47	627	3,45	0	549,53	522,14	0,47	0,47	626,7	3,17	0	4	553	526						"Augenblicke.jpg"	0	1200	1024	40	0	498	527	837	0	"Content"		513	526	3470222	328270649
3490	"15:38:00.615"	"00:00:03.490"	173	549,59	511,48	0,73	0,47	627	3,46	0	561,6	520,49	0,47	0,47	626,7	3,22	0	4	556	516						"Augenblicke.jpg"	0	1200	1024	40	0	498	527	837	0	"Content"		516	516	3490235	328290662
3510	"15:38:00.635"	"00:00:03.510"	174	539,04	520,07	0,73	0,47	627	3,43	0	530,49	547,07	0,47	0,47	626,7	3,18	0	4	535	534						"Augenblicke.jpg"	0	1200	1024	40	0	498	527	837	0	"Content"		495	534	3510094	328310521
3530	"15:38:00.655"	"00:00:03.530"	175	537,68	511,53	0,73	0,47	626,78	3,42	0	528,62	549,79	0,47	0,47	626,67	3,2	0	4	533	531						"Augenblicke.jpg"	0	1200	1024	40	0	498	527	837	0	"Content"		493	531	3530116	328330543
3550	"15:38:00.675"	"00:00:03.549"	176	540,66	530,44	0,73	0,47	626,78	3,48	0	532,19	532,88	0,47	0,47	626,67	3,2	0	4	536	532						"Augenblicke.jpg"	0	1200	1024	40	0	498	527	837	0	"Content"		496	532	3549935	328350362
3570	"15:38:00.695"	"00:00:03.569"	177	530,12	521,92	0,73	0,47	626,78	3,5	0	546,85	530,61	0,47	0,47	626,67	3,21	0	4	538	526						"Augenblicke.jpg"	0	1200	1024	40	0	498	527	837	0	"Content"		498	526	3569865	328370292
3590	"15:38:00.715"	"00:00:03.589"	178	549,34	506,97	0,73	0,47	626,78	3,49	0	535,25	520,92	0,47	0,47	626,67	3,22	0	4	542	514						"Augenblicke.jpg"	0	1200	1024	40	0	498	527	837	0	"Content"		502	514	3589843	328390270
3610	"15:38:00.735"	"00:00:03.609"	179	530,68	511,93	0,73	0,47	626,78	3,46	0	536,26	526,85	0,47	0,47	626,67	3,21	0	4	533	519						"Augenblicke.jpg"	0	1200	1024	40	0	498	527	837	0	"Content"		493	519	3609697	328410124
3630	"15:38:00.755"	"00:00:03.629"	180	534,82	518,28	0,73	0,47	625,82	3,46	0	540,86	528,36	0,47	0,47	623,71	3,21	0	4	538	523						"Augenblicke.jpg"	0	1200	1024	40	0	498	527	837	0	"Content"		498	523	3629732	328430159
3650	"15:38:00.775"	"00:00:03.649"	181	525,17	532,53	0,73	0,47	625,82	3,46	0	543,73	548,09	0,47	0,47	623,71	3,19	0	4	534	540						"Augenblicke.jpg"	0	1200	1024	40	0	498	527	837	0	"Content"		494	540	3649540	328449967
3670	"15:38:00.795"	"00:00:03.669"	182	538,36	536,5	0,73	0,47	625,82	3,46	0	530,05	526,18	0,47	0,47	623,71	3,2	0	4	534	531						"Augenblicke.jpg"	0	1200	1024	40	0	498	527	837	0	"Content"		494	531	3669567	328469994
3689	"15:38:00.814"	"00:00:03.689"	183	542,25	515,39	0,73	0,47	625,82	3,49	0	529,09	526,51	0,47	0,47	623,71	3,2	0	5	536	521						"Augenblicke.jpg"	0	1200	1024	40	0	562	521	239	0	"Content"		496	521	3689439	328489866
3709	"15:38:00.834"	"00:00:03.709"	184	608,66	513,38	0,73	0,47	625,82	3,55	0	617,37	571,26	0,47	0,47	623,71	3,21	0	5	613	542						"Augenblicke.jpg"	0	1200	1024	40	0	562	521	239	0	"Content"		573	542	3709438	328509865
3729	"15:38:00.854"	"00:00:03.729"	185	621	510,45	0,73	0,47	626,92	3,57	0	617,24	558,62	0,47	0,47	625,6	3,22	0	5	619	535						"Augenblicke.jpg"	0	1200	1024	40	0	562	521	239	0	"Content"		579	535	3729338	328529765
3749	"15:38:00.874"	"00:00:03.749"	186	601,01	524,47	0,74	0,47	626,92	3,52	0	607,27	514,14	0,47	0,48	625,6	3,2	0	5	604	519						"Augenblicke.jpg"	0	1200	1024	40	0	562	521	239	0	"Content"		564	519	3749282	328549709
3769	"15:38:00.894"	"00:00:03.769"	187	594,29	509,05	0,74	0,47	626,92	3,5	0	610,54	524,23	0,47	0,48	625,6	3,24	0	5	602	517						"Augenblicke.jpg"	0	1200	1024	40	0	562	521	239	0	"Content"		562	517	3769226	328569653
3789	"15:38:00.914"	"00:00:03.789"	188	594,47	516,11	0,74	0,47	626,92	3,5	0	595,33	544,23	0,47	0,48	625,6	3,2	0	5	595	530						"Augenblicke.jpg"	0	1200	1024	40	0	562	521	239	0	"Content"		555	530	3789146	328589573
3809	"15:38:00.934"	"00:00:03.809"	189	600,26	500,97	0,74	0,47	626,92	3,51	0	602,95	514,54	0,47	0,48	625,6	3,2	0	5	602	508						"Augenblicke.jpg"	0	1200	1024	40	0	562	521	239	0	"Content"		562	508	3809037	328609464
3829	"15:38:00.954"	"00:00:03.829"	190	597,94	502,4	0,73	0,47	626,16	3,5	0	601,1	526,3	0,47	0,48	624,92	3,2	0	5	600	514						"Augenblicke.jpg"	0	1200	1024	40	0	562	521	239	0	"Content"		560	514	3829051	328629478
3849	"15:38:00.974"	"00:00:03.848"	191	598,66	511,4	0,73	0,47	626,16	3,5	0	598,07	526,87	0,47	0,48	624,92	3,17	0	5	598	519						"Augenblicke.jpg"	0	1200	1024	40	0	562	521	239	0	"Content"		558	519	3848913	328649340
3869	"15:38:00.994"	"00:00:03.868"	192	600	523,37	0,73	0,47	626,16	3,48	0	609,31	522,61	0,47	0,48	624,92	3,24	0	5	605	523						"Augenblicke.jpg"	0	1200	1024	40	0	562	521	239	0	"Content"		565	523	3868952	328669379
3889	"15:38:01.014"	"00:00:03.888"	193	595,11	533,82	0,73	0,47	626,16	3,52	0	590,7	531,94	0,47	0,48	624,92	3,22	0	5	593	533						"Augenblicke.jpg"	0	1200	1024	40	0	562	521	239	0	"Content"		553	533	3888753	328689180
3909	"15:38:01.034"	"00:00:03.908"	194	598,56	509,73	0,73	0,47	626,16	3,5	0	610,59	532,45	0,47	0,48	624,92	3,22	0	5	605	521						"Augenblicke.jpg"	0	1200	1024	40	0	562	521	239	0	"Content"		565	521	3908654	328709081
3929	"15:38:01.054"	"00:00:03.928"	195	597,17	517,29	0,73	0,47	626,64	3,5	0	605,64	533,19	0,47	0,48	624,83	3,21	0	6	601	525						"Augenblicke.jpg"	0	1200	1024	40	0	618	532	598	0	"Content"		561	525	3928675	328729102
3949	"15:38:01.074"	"00:00:03.948"	196	665,15	546,78	0,73	0,47	626,64	3,51	0	657,84	530,55	0,47	0,48	624,83	3,21	0	6	661	539						"Augenblicke.jpg"	0	1200	1024	40	0	618	532	598	0	"Content"		621	539	3948529	328748956
3969	"15:38:01.094"	"00:00:03.968"	197	657,33	519,27	0,73	0,47	626,64	3,49	0	661,76	553,55	0,47	0,48	624,83	3,16	0	6	660	536						"Augenblicke.jpg"	0	1200	1024	40	0	618	532	598	0	"Content"		620	536	3968554	328768981
3989	"15:38:01.114"	"00:00:03.988"	198	660,26	528,57	0,73	0,47	626,64	3,53	0	664,65	534,17	0,46	0,48	624,83	3,22	0	6	662	531						"Augenblicke.jpg"	0	1200	1024	40	0	618	532	598	0	"Content"		622	531	3988531	328788958
4008	"15:38:01.133"	"00:00:04.008"	199	650,03	530,95	0,73	0,47	626,64	3,5	0	665,31	540,84	0,46	0,47	624,83	3,18	0	6	658	536						"Augenblicke.jpg"	0	1200	1024	40	0	618	532	598	0	"Content"		618	536	4008385	328808812
4028	"15:38:01.153"	"00:00:04.028"	200	649,94	533,31	0,73	0,47	626,55	3,51	0	666,72	546,67	0,46	0,47	625,56	3,18	0	6	658	540						"Augenblicke.jpg"	0	1200	1024	40	0	618	532	598	0	"Content"		618	540	4028299	328828726
4048	"15:38:01.173"	"00:00:04.048"	201	662,5	529,75	0,73	0,47	626,55	3,46	0	659,64	535,25	0,46	0,47	625,56	3,2	0	6	661	533						"Augenblicke.jpg"	0	1200	1024	40	0	618	532	598	0	"Content"		621	533	4048228	328848655
4068	"15:38:01.193"	"00:00:04.068"	202	656,17	502,07	0,72	0,47	626,55	3,47	0	653,81	536,3	0,46	0,47	625,56	3,18	0	6	655	519						"Augenblicke.jpg"	0	1200	1024	40	0	618	532	598	0	"Content"		615	519	4068173	328868600
4088	"15:38:01.213"	"00:00:04.088"	203	668,58	529,46	0,72	0,47	626,55	3,48	0	659,62	524,94	0,46	0,47	625,56	3,19	0	6	664	527						"Augenblicke.jpg"	0	1200	1024	40	0	618	532	598	0	"Content"		624	527	4088127	328888554
4108	"15:38:01.233"	"00:00:04.108"	204	658,44	536,27	0,72	0,47	626,55	3,48	0	664,62	536,16	0,46	0,48	625,56	3,18	0	6	662	536						"Augenblicke.jpg"	0	1200	1024	40	0	618	532	598	0	"Content"		622	536	4108033	328908460
4128	"15:38:01.253"	"00:00:04.128"	205	657,53	528,87	0,72	0,47	627,03	3,48	0	663,57	533,53	0,46	0,48	625,57	3,19	0	6	661	531						"Augenblicke.jpg"	0	1200	1024	40	0	618	532	598	0	"Content"		621	531	4128020	328928447
4148	"15:38:01.273"	"00:00:04.147"	206	653,39	539,52	0,72	0,47	627,03	3,43	0	652,54	540,41	0,46	0,48	625,57	3,14	0	6	653	540						"Augenblicke.jpg"	0	1200	1024	40	0	618	532	598	0	"Content"		613	540	4147866	328948293
4168	"15:38:01.293"	"00:00:04.167"	207	662,87	528,41	0,72	0,47	627,03	3,48	0	656,24	523,31	0,46	0,48	625,57	3,18	0	6	660	526						"Augenblicke.jpg"	0	1200	1024	40	0	618	532	598	0	"Content"		620	526	4167891	328968318
4188	"15:38:01.313"	"00:00:04.187"	208	652,84	514,59	0,72	0,47	627,03	3,46	0	664,41	516,86	0,46	0,48	625,57	3,23	0	6	659	516						"Augenblicke.jpg"	0	1200	1024	40	0	618	532	598	0	"Content"		619	516	4187742	328988169
4208	"15:38:01.333"	"00:00:04.207"	209	661,84	492,68	0,72	0,47	627,03	3,46	0	654,87	535,01	0,46	0,48	625,57	3,2	0	6	658	514						"Augenblicke.jpg"	0	1200	1024	40	0	618	532	598	0	"Content"		618	514	4207753	329008180
4228	"15:38:01.353"	"00:00:04.227"	210	659,79	484,25	0,73	0,47	624,93	3,46	0	657,87	524,01	0,46	0,48	625,86	3,22	0	6	659	504						"Augenblicke.jpg"	0	1200	1024	40	0	618	532	598	0	"Content"		619	504	4227609	329028036
4248	"15:38:01.373"	"00:00:04.247"	211	661,87	529,34	0,73	0,47	624,93	3,47	0	667,59	514,55	0,46	0,48	625,86	3,17	0	6	665	522						"Augenblicke.jpg"	0	1200	1024	40	0	618	532	598	0	"Content"		625	522	4247574	329048001
4268	"15:38:01.393"	"00:00:04.267"	212	676,09	523,84	0,73	0,47	624,93	3,45	0	651,61	546,84	0,46	0,48	625,86	3,17	0	6	664	535						"Augenblicke.jpg"	0	1200	1024	40	0	618	532	598	0	"Content"		624	535	4267515	329067942
4287	"15:38:01.412"	"00:00:04.287"	213	660,23	530,25	0,73	0,47	624,93	3,46	0	654,14	534,8	0,46	0,48	625,86	3,15	0	6	657	533						"Augenblicke.jpg"	0	1200	1024	40	0	618	532	598	0	"Content"		617	533	4287441	329087868
4307	"15:38:01.432"	"00:00:04.307"	214	658,78	522,8	0,73	0,47	624,93	3,44	0	661,75	537,78	0,46	0,48	625,86	3,18	0	6	660	530						"Augenblicke.jpg"	0	1200	1024	40	0	618	532	598	0	"Content"		620	530	4307347	329107774
4327	"15:38:01.452"	"00:00:04.327"	215	660,73	524,42	0,73	0,47	624,83	3,44	0	654,51	542,47	0,46	0,48	625,42	3,17	0	6	658	533						"Augenblicke.jpg"	0	1200	1024	40	0	618	532	598	0	"Content"		618	533	4327380	329127807
4347	"15:38:01.472"	"00:00:04.347"	216	667,25	536,95	0,73	0,47	624,83	3,47	0	644,51	540,58	0,46	0,48	625,42	3,17	0	6	656	539						"Augenblicke.jpg"	0	1200	1024	40	0	618	532	598	0	"Content"		616	539	4347224	329147651
4367	"15:38:01.492"	"00:00:04.367"	217	667,12	522,51	0,73	0,47	624,83	3,43	0	655,91	542	0,46	0,48	625,42	3,16	0	6	662	532						"Augenblicke.jpg"	0	1200	1024	40	0	618	532	598	0	"Content"		622	532	4367074	329167501
4387	"15:38:01.512"	"00:00:04.387"	218	657,64	516,33	0,73	0,47	624,83	3,44	0	656,62	531,97	0,46	0,48	625,42	3,19	0	6	657	524						"Augenblicke.jpg"	0	1200	1024	40	0	618	532	598	0	"Content"		617	524	4387087	329187514
4407	"15:38:01.532"	"00:00:04.406"	219	653,37	514,67	0,73	0,47	624,83	3,4	0	641,04	553,46	0,46	0,47	625,42	3,17	0	6	647	534						"Augenblicke.jpg"	0	1200	1024	40	0	618	532	598	0	"Content"		607	534	4406999	329207426
4427	"15:38:01.552"	"00:00:04.426"	220	653,2	510,45	0,73	0,47	625,87	3,4	0	645,99	553,1	0,46	0,47	625,07	3,17	0	6	650	532						"Augenblicke.jpg"	0	1200	1024	40	0	618	532	598	0	"Content"		610	532	4426974	329227401
4447	"15:38:01.572"	"00:00:04.446"	221	651,84	534,28	0,73	0,47	625,87	3,47	0	636,92	536,23	0,46	0,47	625,07	3,18	0	6	644	535						"Augenblicke.jpg"	0	1200	1024	40	0	618	532	598	0	"Content"		604	535	4446943	329247370
4467	"15:38:01.592"	"00:00:04.466"	222	646,34	528,09	0,73	0,47	625,87	3,47	0	641,92	551,98	0,46	0,47	625,07	3,15	0	6	644	540						"Augenblicke.jpg"	0	1200	1024	40	0	618	532	598	0	"Content"		604	540	4466865	329267292
4487	"15:38:01.612"	"00:00:04.486"	223	656,2	508,62	0,73	0,47	625,87	3,46	0	643,47	525,53	0,46	0,48	625,07	3,19	0	6	650	517						"Augenblicke.jpg"	0	1200	1024	40	0	618	532	598	0	"Content"		610	517	4486721	329287148
4507	"15:38:01.632"	"00:00:04.506"	224	654,3	528,06	0,73	0,47	625,87	3,46	0	634,49	526,08	0,46	0,48	625,07	3,19	0	6	644	527						"Augenblicke.jpg"	0	1200	1024	40	0	618	532	598	0	"Content"		604	527	4506688	329307115
4527	"15:38:01.652"	"00:00:04.526"	225	654,44	524,61	0,73	0,47	624,57	3,46	0	637,52	524,77	0,46	0,48	625,46	3,18	0	7	646	525						"Augenblicke.jpg"	0	1200	1024	40	0	727	523	1794	0	"Content"		606	525	4526597	329327024
4547	"15:38:01.672"	"00:00:04.546"	226	736,99	542,01	0,73	0,47	624,57	3,49	0	743,98	531,74	0,46	0,48	625,46	3,17	0	7	740	537						"Augenblicke.jpg"	0	1200	1024	40	0	727	523	1794	0	"Content"		700	537	4546530	329346957
4566	"15:38:01.691"	"00:00:04.566"	227	725,37	540,73	0,73	0,47	624,57	3,47	0	731,4	538,54	0,46	0,48	625,46	3,18	0	7	728	540						"Augenblicke.jpg"	0	1200	1024	40	0	727	523	1794	0	"Content"		688	540	4566443	329366870
4586	"15:38:01.711"	"00:00:04.586"	228	722,93	525,01	0,73	0,47	624,57	3,45	0	727,97	538,2	0,46	0,48	625,46	3,19	0	7	725	532						"Augenblicke.jpg"	0	1200	1024	40	0	727	523	1794	0	"Content"		685	532	4586421	329386848
4606	"15:38:01.731"	"00:00:04.606"	229	738	519,76	0,73	0,47	624,57	3,48	0	730,47	529,25	0,46	0,48	625,46	3,19	0	7	734	525						"Augenblicke.jpg"	0	1200	1024	40	0	727	523	1794	0	"Content"		694	525	4606295	329406722
4626	"15:38:01.751"	"00:00:04.626"	230	730,86	515,02	0,72	0,47	624,35	3,47	0	730,33	533,23	0,46	0,48	624,89	3,2	0	7	731	524						"Augenblicke.jpg"	0	1200	1024	40	0	727	523	1794	0	"Content"		691	524	4626335	329426762
4646	"15:38:01.771"	"00:00:04.646"	231	726,33	528,62	0,72	0,47	624,35	3,46	0	732,52	542,8	0,46	0,48	624,89	3,2	0	7	729	536						"Augenblicke.jpg"	0	1200	1024	40	0	727	523	1794	0	"Content"		689	536	4646138	329446565
4666	"15:38:01.791"	"00:00:04.666"	232	734,21	523,53	0,72	0,47	624,35	3,47	0	731,62	531,64	0,46	0,48	624,89	3,19	0	7	733	528						"Augenblicke.jpg"	0	1200	1024	40	0	727	523	1794	0	"Content"		693	528	4666164	329466591
4686	"15:38:01.811"	"00:00:04.686"	233	736,96	526,37	0,72	0,47	624,35	3,47	0	728,83	526,11	0,46	0,48	624,89	3,18	0	7	733	526						"Augenblicke.jpg"	0	1200	1024	40	0	727	523	1794	0	"Content"		693	526	4686040	329486467
4706	"15:38:01.831"	"00:00:04.706"	234	732,21	534,96	0,72	0,47	624,35	3,47	0	731,82	542,92	0,46	0,48	624,89	3,2	0	7	732	539						"Augenblicke.jpg"	0	1200	1024	40	0	727	523	1794	0	"Content"		692	539	4706037	329506464
4726	"15:38:01.851"	"00:00:04.725"	235	732,44	534,18	0,72	0,47	624,31	3,47	0	730,02	537,98	0,46	0,48	623,93	3,19	0	7	731	536						"Augenblicke.jpg"	0	1200	1024	40	0	727	523	1794	0	"Content"		691	536	4725939	329526366
4746	"15:38:01.871"	"00:00:04.745"	236	737	526,93	0,72	0,47	624,31	3,46	0	742,55	525,63	0,46	0,48	623,93	3,21	0	7	740	526						"Augenblicke.jpg"	0	1200	1024	40	0	727	523	1794	0	"Content"		700	526	4745899	329546326
4766	"15:38:01.891"	"00:00:04.765"	237	736,28	545,85	0,72	0,47	624,31	3,45	0	727,09	546,77	0,46	0,48	623,93	3,16	0	7	732	546						"Augenblicke.jpg"	0	1200	1024	40	0	727	523	1794	0	"Content"		692	546	4765805	329566232
4786	"15:38:01.911"	"00:00:04.785"	238	730,22	538,56	0,72	0,47	624,31	3,5	0	723,69	540,69	0,46	0,48	623,93	3,2	0	7	727	540						"Augenblicke.jpg"	0	1200	1024	40	0	727	523	1794	0	"Content"		687	540	4785756	329586183
4806	"15:38:01.931"	"00:00:04.805"	239	717,9	538,68	0,72	0,47	624,31	3,47	0	722,06	547,66	0,46	0,48	623,93	3,18	0	7	720	543						"Augenblicke.jpg"	0	1200	1024	40	0	727	523	1794	0	"Content"		680	543	4805621	329606048
4826	"15:38:01.951"	"00:00:04.825"	240	714,22	536,46	0,72	0,47	625,1	3,48	0	719,98	546,08	0,46	0,48	623,81	3,17	0	7	717	541						"Augenblicke.jpg"	0	1200	1024	40	0	727	523	1794	0	"Content"		677	541	4825553	329625980
4845	"15:38:01.970"	"00:00:04.845"	241	748,92	531,37	0,72	0,47	625,1	3,5	0	753,16	533,78	0,46	0,48	623,81	3,17	0	7	751	533						"Augenblicke.jpg"	0	1200	1024	40	0	727	523	1794	0	"Content"		711	533	4845483	329645910
4865	"15:38:01.990"	"00:00:04.865"	242	743,86	558,97	0,72	0,47	625,1	3,5	0	747,58	547,31	0,46	0,48	623,81	3,16	0	7	746	553						"Augenblicke.jpg"	0	1200	1024	40	0	727	523	1794	0	"Content"		706	553	4865382	329665809
4885	"15:38:02.010"	"00:00:04.885"	243	738,15	526,29	0,72	0,47	625,1	3,54	0	745,93	549,29	0,46	0,48	623,81	3,17	0	7	742	538						"Augenblicke.jpg"	0	1200	1024	40	0	727	523	1794	0	"Content"		702	538	4885410	329685837
4905	"15:38:02.030"	"00:00:04.905"	244	756,41	520,78	0,72	0,47	625,1	3,5	0	755,42	535,72	0,46	0,48	623,81	3,16	0	7	756	528						"Augenblicke.jpg"	0	1200	1024	40	0	727	523	1794	0	"Content"		716	528	4905401	329705828
4925	"15:38:02.050"	"00:00:04.925"	245	752,19	526,22	0,72	0,47	625,04	3,51	0	751,91	543,71	0,46	0,48	623,49	3,15	0	7	752	535						"Augenblicke.jpg"	0	1200	1024	40	0	727	523	1794	0	"Content"		712	535	4925252	329725679
4945	"15:38:02.070"	"00:00:04.945"	246	741,89	524,93	0,72	0,47	625,04	3,55	0	748,17	527,57	0,46	0,48	623,49	3,18	0	7	745	526						"Augenblicke.jpg"	0	1200	1024	40	0	727	523	1794	0	"Content"		705	526	4945128	329745555
4965	"15:38:02.090"	"00:00:04.965"	247	743,31	515,81	0,72	0,47	625,04	3,49	0	753,27	530,35	0,46	0,48	623,49	3,2	0	7	748	523						"Augenblicke.jpg"	0	1200	1024	40	0	727	523	1794	0	"Content"		708	523	4965154	329765581
4985	"15:38:02.110"	"00:00:04.985"	248	749,94	529,43	0,72	0,47	625,04	3,5	0	758,87	535,96	0,46	0,48	623,49	3,18	0	7	754	533						"Augenblicke.jpg"	0	1200	1024	40	0	727	523	1794	0	"Content"		714	533	4985002	329785429
5005	"15:38:02.130"	"00:00:05.004"	249	758,35	534,12	0,72	0,47	625,04	3,54	0	770,52	519,03	0,46	0,48	623,49	3,19	0	7	764	527						"Augenblicke.jpg"	0	1200	1024	40	0	727	523	1794	0	"Content"		724	527	5004971	329805398
5025	"15:38:02.150"	"00:00:05.024"	250	759,99	533,64	0,72	0,47	625,02	3,51	0	775,51	520,85	0,46	0,48	623,43	3,19	0	7	768	527						"Augenblicke.jpg"	0	1200	1024	40	0	727	523	1794	0	"Content"		728	527	5024903	329825330
5045	"15:38:02.170"	"00:00:05.044"	251	769,52	524,17	0,72	0,47	625,02	3,51	0	783,18	520,99	0,46	0,48	623,43	3,17	0	7	776	523						"Augenblicke.jpg"	0	1200	1024	40	0	727	523	1794	0	"Content"		736	523	5044848	329845275
5065	"15:38:02.190"	"00:00:05.064"	252	773,86	535,41	0,72	0,47	625,02	3,5	0	778,25	534,76	0,46	0,48	623,43	3,13	0	7	776	535						"Augenblicke.jpg"	0	1200	1024	40	0	727	523	1794	0	"Content"		736	535	5064727	329865154
5085	"15:38:02.210"	"00:00:05.084"	253	770,72	537,95	0,72	0,47	625,02	3,51	0	771,63	516,23	0,46	0,48	623,43	3,16	0	7	771	527						"Augenblicke.jpg"	0	1200	1024	40	0	727	523	1794	0	"Content"		731	527	5084732	329885159
5105	"15:38:02.230"	"00:00:05.104"	254	768,83	538,77	0,72	0,47	625,02	3,48	0	776,62	517,53	0,46	0,48	623,43	3,19	0	7	773	528						"Augenblicke.jpg"	0	1200	1024	40	0	727	523	1794	0	"Content"		733	528	5104602	329905029
5125	"15:38:02.250"	"00:00:05.124"	255	769,62	539,68	0,72	0,47	624,98	3,48	0	774,33	517,32	0,46	0,48	624,51	3,18	0	7	772	528						"Augenblicke.jpg"	0	1200	1024	40	0	727	523	1794	0	"Content"		732	528	5124625	329925052
5144	"15:38:02.269"	"00:00:05.144"	256	769,32	516,03	0,72	0,47	624,98	3,49	0	773,9	514,51	0,46	0,48	624,51	3,14	0	7	772	515						"Augenblicke.jpg"	0	1200	1024	40	0	727	523	1794	0	"Content"		732	515	5144438	329944865
5164	"15:38:02.289"	"00:00:05.164"	257	756,8	531,24	0,72	0,47	624,98	3,47	0	777,45	519,22	0,46	0,48	624,51	3,16	0	7	767	525						"Augenblicke.jpg"	0	1200	1024	40	0	727	523	1794	0	"Content"		727	525	5164460	329964887
5184	"15:38:02.309"	"00:00:05.184"	258	760,51	521,28	0,72	0,47	624,98	3,48	0	773,58	524,19	0,46	0,48	624,51	3,16	0	7	767	523						"Augenblicke.jpg"	0	1200	1024	40	0	727	523	1794	0	"Content"		727	523	5184362	329984789
5204	"15:38:02.329"	"00:00:05.204"	259	761,73	521,78	0,72	0,47	624,98	3,51	0	771,4	532,06	0,46	0,48	624,51	3,2	0	7	767	527						"Augenblicke.jpg"	0	1200	1024	40	0	727	523	1794	0	"Content"		727	527	5204208	330004635
5224	"15:38:02.349"	"00:00:05.224"	260	763,39	522,64	0,72	0,47	624,82	3,5	0	771,7	537,52	0,46	0,48	624,3	3,21	0	7	768	530						"Augenblicke.jpg"	0	1200	1024	40	0	727	523	1794	0	"Content"		728	530	5224240	330024667
5244	"15:38:02.369"	"00:00:05.244"	261	776,3	524,57	0,72	0,47	624,82	3,52	0	774,99	515,44	0,46	0,48	624,3	3,18	0	7	776	520						"Augenblicke.jpg"	0	1200	1024	40	0	727	523	1794	0	"Content"		736	520	5244181	330044608
5264	"15:38:02.389"	"00:00:05.264"	262	778,74	508,77	0,73	0,47	624,82	3,49	0	785,3	510,61	0,46	0,48	624,3	3,19	0	7	782	510						"Augenblicke.jpg"	0	1200	1024	40	0	727	523	1794	0	"Content"		742	510	5264103	330064530
5284	"15:38:02.409"	"00:00:05.283"	263	775,83	535,89	0,73	0,47	624,82	3,47	0	790,28	523,46	0,46	0,48	624,3	3,18	0	7	783	530						"Augenblicke.jpg"	0	1200	1024	40	0	727	523	1794	0	"Content"		743	530	5283964	330084391
5304	"15:38:02.429"	"00:00:05.303"	264	754,48	542,04	0,73	0,47	624,82	3,49	0	766,28	510,83	0,46	0,48	624,3	3,16	0	7	760	526						"Augenblicke.jpg"	0	1200	1024	40	0	727	523	1794	0	"Content"		720	526	5303919	330104346
5324	"15:38:02.449"	"00:00:05.323"	265	754,22	541,06	0,73	0,47	625,15	3,49	0	770,81	515,71	0,46	0,48	624,15	3,16	0	7	763	528						"Augenblicke.jpg"	0	1200	1024	40	0	727	523	1794	0	"Content"		723	528	5323851	330124278
5344	"15:38:02.469"	"00:00:05.343"	266	754,39	529,78	0,73	0,47	625,15	3,52	0	775,6	528,12	0,46	0,48	624,15	3,16	0	7	765	529						"Augenblicke.jpg"	0	1200	1024	40	0	727	523	1794	0	"Content"		725	529	5343805	330144232
5364	"15:38:02.489"	"00:00:05.363"	267	748,72	529,4	0,73	0,47	625,15	3,52	0	778,8	530,54	0,46	0,48	624,15	3,14	0	7	764	530						"Augenblicke.jpg"	0	1200	1024	40	0	727	523	1794	0	"Content"		724	530	5363804	330164231
5384	"15:38:02.509"	"00:00:05.383"	268	757,95	512,55	0,73	0,47	625,15	3,51	0	763,53	546,04	0,46	0,48	624,15	3,17	0	7	761	529						"Augenblicke.jpg"	0	1200	1024	40	0	727	523	1794	0	"Content"		721	529	5383717	330184144
5404	"15:38:02.529"	"00:00:05.403"	269	751,99	521,48	0,73	0,47	625,15	3,52	0	767,17	515,31	0,46	0,48	624,15	3,15	0	7	760	518						"Augenblicke.jpg"	0	1200	1024	40	0	727	523	1794	0	"Content"		720	518	5403550	330203977
5424	"15:38:02.549"	"00:00:05.423"	270	753,59	518,95	0,73	0,47	623,99	3,51	0	763,14	521,25	0,46	0,48	623,05	3,16	0	7	758	520						"Augenblicke.jpg"	0	1200	1024	40	0	727	523	1794	0	"Content"		718	520	5423550	330223977
5443	"15:38:02.568"	"00:00:05.443"	271	753,93	521,04	0,73	0,47	623,99	3,5	0	767,15	520,24	0,46	0,48	623,05	3,17	0	7	761	521						"Augenblicke.jpg"	0	1200	1024	40	0	727	523	1794	0	"Content"		721	521	5443427	330243854
5463	"15:38:02.588"	"00:00:05.463"	272	750,29	545,4	0,73	0,47	623,99	3,46	0	766,45	506,63	0,46	0,48	623,05	3,09	0	7	758	526						"Augenblicke.jpg"	0	1200	1024	40	0	727	523	1794	0	"Content"		718	526	5463455	330263882
5483	"15:38:02.608"	"00:00:05.483"	273	749,19	527,78	0,73	0,47	623,99	3,51	0	773,54	527,12	0,46	0,48	623,05	3,13	0	7	761	527						"Augenblicke.jpg"	0	1200	1024	40	0	727	523	1794	0	"Content"		721	527	5483299	330283726
5503	"15:38:02.628"	"00:00:05.503"	274	750,93	541,46	0,73	0,47	623,99	3,46	0	777,03	523,84	0,46	0,48	623,05	3,15	0	7	764	533						"Augenblicke.jpg"	0	1200	1024	40	0	727	523	1794	0	"Content"		724	533	5503281	330303708
5523	"15:38:02.648"	"00:00:05.523"	275	751,26	532,44	0,73	0,47	624,88	3,48	0	781,7	518,38	0,46	0,48	625,05	3,13	0	7	766	525						"Augenblicke.jpg"	0	1200	1024	40	0	727	523	1794	0	"Content"		726	525	5523203	330323630
5543	"15:38:02.668"	"00:00:05.543"	276	756,28	515,73	0,73	0,47	624,88	3,48	0	781,06	521,87	0,46	0,48	625,05	3,15	0	7	769	519						"Augenblicke.jpg"	0	1200	1024	40	0	727	523	1794	0	"Content"		729	519	5543153	330343580
5563	"15:38:02.688"	"00:00:05.563"	277	752	550,89	0,73	0,47	624,88	3,47	0	782,94	537,6	0,46	0,48	625,05	3,14	0	7	767	544						"Augenblicke.jpg"	0	1200	1024	40	0	727	523	1794	0	"Content"		727	544	5563023	330363450
5583	"15:38:02.708"	"00:00:05.583"	278	758,9	524,84	0,73	0,47	624,88	3,45	0	770,2	521,71	0,46	0,48	625,05	3,16	0	7	765	523						"Augenblicke.jpg"	0	1200	1024	40	0	727	523	1794	0	"Content"		725	523	5583030	330383457
5603	"15:38:02.728"	"00:00:05.602"	279	776,7	517,14	0,72	0,47	624,88	3,45	0	778,39	493,98	0,46	0,48	625,05	3,16	0	7	778	506						"Augenblicke.jpg"	0	1200	1024	40	0	727	523	1794	0	"Content"		738	506	5602896	330403323
5623	"15:38:02.748"	"00:00:05.622"	280	778,42	529,55	0,72	0,47	624,37	3,44	0	775,22	499,48	0,46	0,48	623,56	3,15	0	7	777	515						"Augenblicke.jpg"	0	1200	1024	40	0	727	523	1794	0	"Content"		737	515	5622929	330423356
5643	"15:38:02.768"	"00:00:05.642"	281	763,17	515,62	0,72	0,47	624,37	3,45	0	784,81	497,78	0,46	0,48	623,56	3,11	0	7	774	507						"Augenblicke.jpg"	0	1200	1024	40	0	727	523	1794	0	"Content"		734	507	5642762	330443189
5663	"15:38:02.788"	"00:00:05.662"	282	777,69	504,79	0,72	0,47	624,37	3,45	0	785,29	498,15	0,46	0,48	623,56	3,16	0	7	781	501						"Augenblicke.jpg"	0	1200	1024	40	0	727	523	1794	0	"Content"		741	501	5662665	330463092
5683	"15:38:02.808"	"00:00:05.682"	283	783,29	511,93	0,72	0,47	624,37	3,47	0	781,78	511,71	0,46	0,48	623,56	3,14	0	7	783	512						"Augenblicke.jpg"	0	1200	1024	40	0	727	523	1794	0	"Content"		743	512	5682633	330483060
5703	"15:38:02.828"	"00:00:05.702"	284	784,84	524,1	0,72	0,47	624,37	3,46	0	778,36	512,58	0,46	0,48	623,56	3,12	0	7	782	518						"Augenblicke.jpg"	0	1200	1024	40	0	727	523	1794	0	"Content"		742	518	5702624	330503051
5723	"15:38:02.848"	"00:00:05.722"	285	783,16	522,18	0,72	0,47	623,91	3,46	0	778,06	511,96	0,46	0,48	624,38	3,14	0	7	781	517						"Augenblicke.jpg"	0	1200	1024	40	0	727	523	1794	0	"Content"		741	517	5722546	330522973
5742	"15:38:02.867"	"00:00:05.742"	286	775,5	515,35	0,72	0,47	623,91	3,4	0	781,32	514,39	0,46	0,48	624,38	3,09	0	7	778	515						"Augenblicke.jpg"	0	1200	1024	40	0	727	523	1794	0	"Content"		738	515	5742369	330542796
5762	"15:38:02.887"	"00:00:05.762"	287	789,13	509,1	0,72	0,47	623,91	3,47	0	771,68	518,74	0,46	0,48	624,38	3,16	0	7	780	514						"Augenblicke.jpg"	0	1200	1024	40	0	727	523	1794	0	"Content"		740	514	5762371	330562798
5782	"15:38:02.907"	"00:00:05.782"	288	771,53	505,6	0,72	0,47	623,91	3,42	0	782,14	505,19	0,46	0,48	624,38	3,16	0	7	777	505						"Augenblicke.jpg"	0	1200	1024	40	0	727	523	1794	0	"Content"		737	505	5782267	330582694
5802	"15:38:02.927"	"00:00:05.802"	289	781,52	511,33	0,72	0,47	623,91	3,46	0	789,6	508,02	0,46	0,48	624,38	3,12	0	7	786	510						"Augenblicke.jpg"	0	1200	1024	40	0	727	523	1794	0	"Content"		746	510	5802241	330602668
5822	"15:38:02.947"	"00:00:05.822"	290	778,91	505,06	0,72	0,47	625,1	3,45	0	787,57	506,42	0,46	0,48	624,26	3,15	0	7	783	506						"Augenblicke.jpg"	0	1200	1024	40	0	727	523	1794	0	"Content"		743	506	5822278	330622705
5842	"15:38:02.967"	"00:00:05.842"	291	772,48	493,01	0,72	0,47	625,1	3,42	0	787,42	489,34	0,46	0,48	624,26	3,11	0	7	780	491						"Augenblicke.jpg"	0	1200	1024	40	0	727	523	1794	0	"Content"		740	491	5842100	330642527
5862	"15:38:02.987"	"00:00:05.861"	292	769,21	526,86	0,72	0,47	625,1	3,46	0	772,97	492,49	0,46	0,48	624,26	3,11	0	7	771	510						"Augenblicke.jpg"	0	1200	1024	40	0	727	523	1794	0	"Content"		731	510	5861997	330662424
5882	"15:38:03.007"	"00:00:05.882"	293	778,28	520,63	0,72	0,47	625,1	3,41	0	784,04	497,87	0,46	0,48	624,26	3,2	0	7	781	509						"Augenblicke.jpg"	0	1200	1024	40	0	727	523	1794	0	"Content"		741	509	5882001	330682428
5902	"15:38:03.027"	"00:00:05.901"	294	778,96	505,75	0,73	0,47	625,1	3,47	0	782,1	516,34	0,46	0,48	624,26	3,12	0	7	781	511						"Augenblicke.jpg"	0	1200	1024	40	0	727	523	1794	0	"Content"		741	511	5901841	330702268
